name,date
PPV1-0225-L-SD_2022,2022
PPV1-0303-M-HN_2022,2022
PPV1-0306-D1-GZ_2022,2022
PPV1-0306-HB_2022,2022
PPV1-0515-C-SC_2022,2022
PPV1-0515-G-HN_2022,2022
PPV1-0608-H2-GS_2022,2022
GD58-0928-M_2023,2023
D5-0117-G_2024,2024
E3-1203-D_2023,2023
GD2-0926-K_2023,2023
GD13-1117-G_2023,2023
HB44-0910-Q_2023,2023
V24-0826-2_2024,2024
JQ249927_2011,2011
KC296743_2010,2010
JN400516_2009,2009
JN400517_2009,2009
JN400518_2009,2009
AY684865_2001,2001
MW711830_2017,2017
MT846928_2017,2017
MT846929_2017,2017
MT846930_2017,2017
MT846931_2017,2017
MT846932_2017,2017
MW711831_2018,2018
MW711832_2018,2018
MW711833_2018,2018
MW711828_2018,2018
MW711829_2018,2018
ON014612_2019,2019
ON014614_2019,2019
ON014607_2019,2019
ON014609_2019,2019
AY684868_2001,2001
AY684871_2001,2001
ON014678_2021,2021
KC296744_2010,2010
KC296745_2010,2010
ON014617_1963,1963
ON014647_2016,2016
ON014646_2016,2016
KC296746_2010,2010
ON014642_2018,2018
ON014666_2021,2021
AY684870_2002,2002
AY684867_2002,2002
ON014662_2014,2014
ON014664_2007,2007
ON014665_2007,2007
ON014661_2016,2016
ON014670_2006,2006
JN400519_2009,2009
ON014639_2021,2021
ON014660_1983,1983
ON014687_1976,1976
ON014686_1976,1976
ON014672_2009,2009
ON014656_2016,2016
ON014602_2020,2020
ON014673_2021,2021
ON014659_2015,2015
ON014681_2021,2021
ON014663_2020,2020
ON014622_2009,2009
ON014684_2010,2010
ON014677_2021,2021
ON014680_2021,2021
ON014632_2020,2020
ON014669_2020,2020
ON014649_2017,2017
ON014679_2021,2021
ON014650_2017,2017
ON014676_2021,2021
ON014674_2021,2021
ON014645_2020,2020
ON014675_2021,2021
ON014637_2016,2016
ON014652_2019,2019
ON014627_2019,2019
ON014653_2020,2020
ON014634_2019,2019
ON014668_2016,2016
ON014644_2020,2020
ON014643_2020,2020
ON014655_2016,2016
ON014624_2019,2019
ON014635_2020,2020
ON014636_2020,2020
ON014654_2015,2015
ON014667_2014,2014
ON014633_2017,2017
ON014683_2021,2021
ON014658_2015,2015
ON014638_2020,2020
ON014631_2016,2016
ON014641_2017,2017
ON014630_2019,2019
ON014629_2019,2019
ON014626_2016,2016
ON014625_2017,2017
ON014671_2015,2015
ON014623_2015,2015
ON014628_2015,2015
ON014640_2015,2015
JN400520_2009,2009
ON014651_2017,2017
ON014685_2004,2004
GQ884035_2005,2005
GQ884037_2005,2005
GQ884036_2005,2005
GQ884038_2005,2005
GQ884039_2005,2005
GQ884040_2005,2005
GQ884041_2006,2006
GQ884042_2006,2006
GQ884043_2006,2006
GQ884044_2006,2006
GQ884045_2006,2006
GQ884047_2006,2006
O435313_2022,2022
OP235938_2021,2021
EU790641_2006,2006
AY684866_1986,1986
MZ677266_2021,2021
MZ706996_2021,2021
AY583318_2004,2004
MK993540_2017,2017
O046035_2019,2019
O435315_2022,2022
MN326127_2017,2017
KX242359_2013,2013
O435316_2022,2022
O435317_2022,2022
O435318_2022,2022
O435319_2022,2022
O435320_2022,2022
O435321_2022,2022
MN326128_2015,2015
O452190_2021,2021
JX992846_2008,2008
KJ201927_2009,2009
KF429252_2012,2012
KF429253_2012,2012
KF429254_2013,2013
KF429255_2013,2013
MF447833_2013,2013
KJ201928_2007,2007
MN326132_2014,2014
MH183297_2014,2014
MH183296_2014,2014
MH183295_2015,2015
MH183294_2014,2014
MH183298_2015,2015
AY684872_1964,1964
JQ686669_2010,2010
MN326130_2016,2016
MN326131_2015,2015
KF742500_2013,2013
MZ577026_2017,2017
JN968975_2010,2010
HM627652_2010,2010
MN627433_1977,1977
U44978_1985,1985
HM627653_2009,2009
HM989009_1989,1989
MH817778_2018,2018
MH566237_2018,2018
NC_001718_1964,1964
KF913345_2012,2012
KF913348_2012,2012
KF913349_2012,2012
ON014603_1976,1976
FJ822038_2008,2008
D00623_2000,2000
O667251_2021,2021
O667252_2021,2021
MT500552_2016,2016
MT500553_2017,2017
MT500554_2018,2018
MT500555_2018,2018
MT500556_2018,2018
MK092380_2015,2015
MK092381_2015,2015
MK092382_2015,2015
MK092383_2015,2015
MK092384_2015,2015
MN326126_1999,1999
MN326129_2017,2017
MZ491178_2019,2019
MZ491179_2019,2019
MH447542_2017,2017
MH447543_2017,2017
MH447544_2017,2017
MH447545_2017,2017
MH447546_2017,2017
MH447547_2017,2017
MH447550_2017,2017
ON982164_2016,2016
OP377058_2016,2016
OP377057_2016,2016
OP377056_2016,2016
OP377055_2016,2016
OP377054_2016,2016
ON014618_2014,2014
JN872448_2010,2010
ON014604_2020,2020
ON014605_2020,2020
ON014606_2020,2020
ON014613_2020,2020
ON014611_2021,2021
ON014616_2021,2021
ON014608_2021,2021
ON014610_2021,2021
ON014615_1972,1972
ON014619_2021,2021
ON014620_2021,2021
ON014621_2021,2021
ON014682_2021,2021
ON014688_2021,2021
AY502115_2004,2004
O435323_2022,2022
O452191_2021,2021
ON924737_2021,2021
ON924738_2021,2021
ON924739_2021,2021
MZ577027_2020,2020
DQ675456_2006,2006
O435324_2022,2022
KY994646_2016,2016
FJ853421_2008,2008
AY684869_2002,2002
AY390557_2003,2003
JQ249913_2011,2011
JQ249914_2011,2011
JQ249915_2011,2011
JQ249916_2011,2011
JQ249917_2011,2011
JQ249918_2011,2011
JQ249919_2011,2011
JQ249920_2011,2011
JQ249921_2011,2011
JQ249922_2011,2011
JQ249923_2011,2011
JQ249924_2011,2011
JQ249925_2011,2011
JQ249926_2011,2011
JN860197_2012,2012
O435325_2021,2021
EU790642_2004,2004
DQ464345_2006,2006
